OBJECTID,Address,Parcel,Units,Stories,UniqueID,Building_Name,Complex_Name,Case_Number,Building_Type,Status,Last_Date,Comments,Safety_Comments,Fire_Alarms,Sprinkler,Managing_Company,MFRecyclingStatus,ShapeSTArea,ShapeSTLength,Shape
1425,1115-A Broadmoor Dr,4.52023E+11,2,1,111,1115-A Broadmoor Dr,Broadmoor Drive Apartments,,Building,,1970/01/01 00:00:00+00,,,,,,,1650.346436,175.3127603,
1426,1115-B Broadmoor Dr,4.52023E+11,2,1,111,1115-B Broadmoor Dr,Broadmoor Drive Apartments,,Building,,1970/01/01 00:00:00+00,,,,,,,1280.589966,143.1448726,
1427,1835 Valley Rd,4.52024E+11,8,2,118,1835 Valley Rd,Hessel on the Park Apartments,AI07-0071,Complex,,2007/06/26 00:00:00+00,,,,,,Yes,618.3050537,103.2465613,
1428,1833 Valley Rd,4.52024E+11,8,2,118,1833 Valley Rd,Hessel on the Park Apartments,AI07-0071,Complex,,2007/06/26 00:00:00+00,,,,,,Yes,586.5515137,101.3065014,
1429,1831 Valley Rd,4.52024E+11,8,2,118,1831 Valley Rd,Hessel on the Park Apartments,AI07-0071,Complex,,2007/06/26 00:00:00+00,,,,,,Yes,2419.399536,200.576816,
1430,1813 Valley Rd,4.52024E+11,8,2,119,1813 Valley Rd,Hessel on the Park Apartments,AI07-0071,Complex,,2007/06/26 00:00:00+00,,,,,,Yes,2617.821411,209.7053006,
1431,1819 Valley Rd,4.52024E+11,8,2,119,1819 Valley Rd,Hessel on the Park Apartments,AI07-0071,Complex,,2007/06/26 00:00:00+00,,,,,,Yes,672.760376,106.5731643,
1432,1817 Valley Rd,4.52024E+11,8,2,119,1817 Valley Rd,Hessel on the Park Apartments,AI07-0071,Complex,,2007/06/26 00:00:00+00,,,,,,Yes,508.5688477,96.55142258,
1433,1807 Valley Rd,4.52024E+11,8,2,120,1807 Valley Rd,Hessel on the Park Apartments,AI07-0071,Complex,,2007/06/26 00:00:00+00,,,,,,Yes,1214.303711,139.5508848,
1434,1811 Valley Rd,4.52024E+11,8,2,120,1811 Valley Rd,Hessel on the Park Apartments,AI07-0071,Complex,,2007/06/26 00:00:00+00,,,,,,Yes,2333.831177,196.6049407,
1435,1801 Valley Rd,4.52024E+11,8,2,121,1801 Valley Rd,Hessel on the Park Apartments,AI07-0071,Complex,,2007/06/26 00:00:00+00,,,,,,Yes,2400.967773,198.564662,
1436,1850 Valley Rd,4.52024E+11,6,2,122,1850 Valley Rd,Hessel on the Park Apartments,AI07-0071,Complex,,2007/06/26 00:00:00+00,,,,,,Yes,522.6634521,100.2363801,
1437,1852 Valley Rd,4.52024E+11,6,2,122,1852 Valley Rd,Hessel on the Park Apartments,AI07-0071,Complex,,2007/06/26 00:00:00+00,,,,,,Yes,609.4129639,105.1485154,
1438,1854 Valley Rd,4.52024E+11,6,2,122,1854 Valley Rd,Hessel on the Park Apartments,AI07-0071,Complex,,2007/06/26 00:00:00+00,,,,,,Yes,579.4842529,103.4538224,
1439,1856 Valley Rd,4.52024E+11,6,2,122,1856 Valley Rd,Hessel on the Park Apartments,AI07-0071,Complex,,2007/06/26 00:00:00+00,,,,,,Yes,597.8817139,104.4955739,
1440,1858 Valley Rd,4.52024E+11,6,2,122,1858 Valley Rd,Hessel on the Park Apartments,AI07-0071,Complex,,2007/06/26 00:00:00+00,,,,,,Yes,533.2674561,100.8368242,
1441,1818 Valley Rd,4.52024E+11,8,2,123,1818 Valley Rd,Hessel on the Park Apartments,AI07-0071,Complex,,2007/06/26 00:00:00+00,,,,,,Yes,602.1595459,110.9424713,
1442,1822 Valley Rd,4.52024E+11,8,2,123,1822 Valley Rd,Hessel on the Park Apartments,AI07-0071,Complex,,2007/06/26 00:00:00+00,,,,,,Yes,670.6276855,117.0344259,
1443,1820 Valley Rd,4.52024E+11,8,2,123,1820 Valley Rd,Hessel on the Park Apartments,AI07-0071,Complex,,2007/06/26 00:00:00+00,,,,,,Yes,530.2338867,107.3480769,
1444,1824 Valley Rd,4.52024E+11,8,2,123,1824 Valley Rd,Hessel on the Park Apartments,AI07-0071,Complex,,2007/06/26 00:00:00+00,,,,,,Yes,670.0140381,117.0098175,
1445,1826 Valley Rd,4.52024E+11,8,2,123,1826 Valley Rd,Hessel on the Park Apartments,AI07-0071,Complex,,2007/06/26 00:00:00+00,,,,,,Yes,513.5806885,108.1122266,
1446,1828 Valley Rd,4.52024E+11,8,2,123,1828 Valley Rd,Hessel on the Park Apartments,AI07-0071,Complex,,2007/06/26 00:00:00+00,,,,,,Yes,581.5980225,111.9356536,
1447,1832 Valley Rd,4.52024E+11,8,2,123,1832 Valley Rd,Hessel on the Park Apartments,AI07-0071,Complex,,2007/06/26 00:00:00+00,,,,,,Yes,511.1616211,107.9777063,
1448,1821 Valley Rd,4.52024E+11,8,2,124,1821 Valley Rd,Hessel on the Park Apartments,AI07-0071,Complex,,2007/06/26 00:00:00+00,,,,,,Yes,2519.732544,204.8238813,
1449,1827 Valley Rd,4.52024E+11,8,2,124,1827 Valley Rd,Hessel on the Park Apartments,AI07-0071,Complex,,2007/06/26 00:00:00+00,,,,,,Yes,623.6702881,104.5297445,
1450,1825 Valley Rd,4.52024E+11,8,2,124,1825 Valley Rd,Hessel on the Park Apartments,AI07-0071,Complex,,2007/06/26 00:00:00+00,,,,,,Yes,591.2827148,102.6152336,
1451,1721 Valley Rd,4.52024E+11,8,2,125,1721 Valley Rd,Hessel on the Park Apartments,AI07-0071,Complex,,2007/06/26 00:00:00+00,,,,,,Yes,2414.661621,199.6241722,
1452,1802 Valley Rd,4.52024E+11,8,2,126,1802 Valley Rd,Hessel on the Park Apartments,AI07-0071,Complex,,2007/06/26 00:00:00+00,,,,,,Yes,528.5089111,101.9762618,
1453,1804 Valley Rd,4.52024E+11,8,2,126,1804 Valley Rd,Hessel on the Park Apartments,AI07-0071,Complex,,2007/06/26 00:00:00+00,,,,,,Yes,558.0761719,103.5957709,
1454,1806 Valley Rd,4.52024E+11,8,2,126,1806 Valley Rd,Hessel on the Park Apartments,AI07-0071,Complex,,2007/06/26 00:00:00+00,,,,,,Yes,557.824707,103.5819921,
1455,1808 Valley Rd,4.52024E+11,8,2,126,1808 Valley Rd,Hessel on the Park Apartments,AI07-0071,Complex,,2007/06/26 00:00:00+00,,,,,,Yes,633.5039063,107.7272096,
1456,1810 Valley Rd,4.52024E+11,8,2,126,1810 Valley Rd,Hessel on the Park Apartments,AI07-0071,Complex,,2007/06/26 00:00:00+00,,,,,,Yes,583.5700684,104.9921615,
1457,1812 Valley Rd,4.52024E+11,8,2,126,1812 Valley Rd,Hessel on the Park Apartments,AI07-0071,Complex,,2007/06/26 00:00:00+00,,,,,,Yes,596.1135254,105.6792058,
1458,1814 Valley Rd,4.52024E+11,8,2,126,1814 Valley Rd,Hessel on the Park Apartments,AI07-0071,Complex,,2007/06/26 00:00:00+00,,,,,,Yes,557.9506836,103.5888848,
1459,1834 Valley Rd,4.52024E+11,8,2,127,1834 Valley Rd,Hessel on the Park Apartments,AI07-0071,Complex,,2007/06/26 00:00:00+00,,,,,,Yes,600.7481689,105.7186683,
1460,1836 Valley Rd,4.52024E+11,8,2,127,1836 Valley Rd,Hessel on the Park Apartments,AI07-0071,Complex,,2007/06/26 00:00:00+00,,,,,,Yes,567.0718994,103.8639545,
1461,1838 Valley Rd,4.52024E+11,8,2,127,1838 Valley Rd,Hessel on the Park Apartments,AI07-0071,Complex,,2007/06/26 00:00:00+00,,,,,,Yes,596.1195068,105.4634119,
1462,1840 Valley Rd,4.52024E+11,8,2,127,1840 Valley Rd,Hessel on the Park Apartments,AI07-0071,Complex,,2007/06/26 00:00:00+00,,,,,,Yes,576.5957031,104.3882464,
1463,1842 Valley Rd,4.52024E+11,8,2,127,1842 Valley Rd,Hessel on the Park Apartments,AI07-0071,Complex,,2007/06/26 00:00:00+00,,,,,,Yes,596.5721436,105.4883454,
1464,1844 Valley Rd,4.52024E+11,8,2,127,1844 Valley Rd,Hessel on the Park Apartments,AI07-0071,Complex,,2007/06/26 00:00:00+00,,,,,,Yes,567.0695801,103.863629,
1465,1846 Valley Rd,4.52024E+11,8,2,127,1846 Valley Rd,Hessel on the Park Apartments,AI07-0071,Complex,,2007/06/26 00:00:00+00,,,,,,Yes,586.6583252,104.9423903,
1466,1107 S Third St,4.62118E+11,24,3,15,1107 S Third St,Arbor Apartments,AI06-0174,Complex,,2007/01/03 00:00:00+00,,,,,,Yes,1129.667114,141.0187051,
1467,1109 S Third St,4.62118E+11,24,3,15,1109 S Third St,Arbor Apartments,AI06-0174,Complex,,2007/01/03 00:00:00+00,,,,,,Yes,1105.480103,139.0520502,
1468,1111 S Third St,4.62118E+11,24,3,15,1111 S Third St,Arbor Apartments,AI06-0174,Complex,,2007/01/03 00:00:00+00,,,,,,Yes,996.0460205,133.7373407,
1469,1110 Arbor St,4.62118E+11,12,3,16,1110 Arbor St,Arbor Apartments,AI06-0173,Complex,,2007/01/03 00:00:00+00,,,,,,Yes,1122.685547,141.8550679,
1470,1112 Arbor St,4.62118E+11,12,3,18,1112 Arbor St,Arbor Apartments,AI07-0074,Complex,,2010/07/22 00:00:00+00,,,,,,Yes,1068.220825,139.0236996,
1471,214 E Gregory Dr,4.62118E+11,12,3,17,214 E Gregory Dr,Arbor Apartments,AI07-0074,Complex,,2010/07/22 00:00:00+00,,,,,,Yes,1081.636841,138.5431818,
1472,1113 S Third St,4.62118E+11,12,3,19,1113 S Third St,Arbor Apartments,AI07-0074,Complex,,2010/07/22 00:00:00+00,,,,,,Yes,1046.220215,137.2665658,
1473,1774 Valley Rd,4.52024E+11,7,2,128,1774 Valley Rd,Hessel on the Park Apartments,AI07-0071,Complex,,2007/06/26 00:00:00+00,,,,,,Yes,549.612793,102.430061,
1474,1776 Valley Rd,4.52024E+11,7,2,128,1776 Valley Rd,Hessel on the Park Apartments,AI07-0071,Complex,,2007/06/26 00:00:00+00,,,,,,Yes,604.9134521,105.4968048,
1475,1778 Valley Rd,4.52024E+11,7,2,128,1778 Valley Rd,Hessel on the Park Apartments,AI07-0071,Complex,,2007/06/26 00:00:00+00,,,,,,Yes,541.6729736,103.8872018,
1476,1780 Valley Rd,4.52024E+11,7,2,128,1780 Valley Rd,Hessel on the Park Apartments,AI07-0071,Complex,,2007/06/26 00:00:00+00,,,,,,Yes,545.230957,104.1088903,
1477,1782 Valley Rd,4.52024E+11,7,2,128,1782 Valley Rd,Hessel on the Park Apartments,AI07-0071,Complex,,2007/06/26 00:00:00+00,,,,,,Yes,595.6678467,106.7969141,
1478,1784 Valley Rd,4.52024E+11,7,2,128,1784 Valley Rd,Hessel on the Park Apartments,AI07-0071,Complex,,2007/06/26 00:00:00+00,,,,,,Yes,654.6419678,109.9399952,
1479,1786 Valley Rd,4.52024E+11,7,2,128,1786 Valley Rd,Hessel on the Park Apartments,AI07-0071,Complex,,2007/06/26 00:00:00+00,,,,,,Yes,607.7626953,111.0846949,
1480,1735 Valley Rd,4.52024E+11,8,2,129,1735 Valley Rd,Hessel on the Park Apartments,AI07-0071,Complex,,2007/06/26 00:00:00+00,,,,,,Yes,2388.098022,199.5074566,
1481,1717 Valley Rd,4.52024E+11,8,2,130,1717 Valley Rd,Hessel on the Park Apartments,AI07-0071,Complex,,2007/06/26 00:00:00+00,,,,,,Yes,1210.403442,139.200871,
1482,1715 Valley Rd,4.52024E+11,8,2,130,1715 Valley Rd,Hessel on the Park Apartments,AI07-0071,Complex,,2007/06/26 00:00:00+00,,,,,,Yes,2478.33313,202.8936525,
1483,1705 Valley Rd,4.52024E+11,8,2,131,1705 Valley Rd,Hessel on the Park Apartments,AI07-0071,Complex,,2007/06/26 00:00:00+00,,,,,,Yes,629.0561523,104.4193244,
1484,1711 Valley Rd,4.52024E+11,8,2,131,1711 Valley Rd,Hessel on the Park Apartments,AI07-0071,Complex,,2007/06/26 00:00:00+00,,,,,,Yes,2420.169067,200.3358909,
1485,1707 Valley Rd,4.52024E+11,8,2,131,1707 Valley Rd,Hessel on the Park Apartments,AI07-0071,Complex,,2007/06/26 00:00:00+00,,,,,,Yes,572.9831543,101.0574214,
1486,1750 Valley Rd,4.52024E+11,12,2,132,1750 Valley Rd,Hessel on the Park Apartments,AI07-0071,Complex,,2007/06/26 00:00:00+00,,,,,,Yes,594.248291,104.5004116,
1487,1752 Valley Rd,4.52024E+11,12,2,132,1752 Valley Rd,Hessel on the Park Apartments,AI07-0071,Complex,,2007/06/26 00:00:00+00,,,,,,Yes,616.7952881,105.7699342,
1488,1754 Valley Rd,4.52024E+11,12,2,132,1754 Valley Rd,Hessel on the Park Apartments,AI07-0071,Complex,,2007/06/26 00:00:00+00,,,,,,Yes,530.2668457,100.8979059,
1489,1756 Valley Rd,4.52024E+11,12,2,132,1756 Valley Rd,Hessel on the Park Apartments,AI07-0071,Complex,,2007/06/26 00:00:00+00,,,,,,Yes,550.7276611,102.0388314,
1490,1758 Valley Rd,4.52024E+11,12,2,132,1758 Valley Rd,Hessel on the Park Apartments,AI07-0071,Complex,,2007/06/26 00:00:00+00,,,,,,Yes,626.9643555,108.3674185,
1491,1760 Valley Rd,4.52024E+11,12,2,132,1760 Valley Rd,Hessel on the Park Apartments,AI07-0071,Complex,,2007/06/26 00:00:00+00,,,,,,Yes,585.2767334,106.1715618,
1492,1762 Valley Rd,4.52024E+11,12,2,132,1762 Valley Rd,Hessel on the Park Apartments,AI07-0071,Complex,,2007/06/26 00:00:00+00,,,,,,Yes,609.6778564,107.4742326,
1493,1764 Valley Rd,4.52024E+11,12,2,132,1764 Valley Rd,Hessel on the Park Apartments,AI07-0071,Complex,,2007/06/26 00:00:00+00,,,,,,Yes,602.5031738,113.3828327,
1494,1766 Valley Rd,4.52024E+11,12,2,132,1766 Valley Rd,Hessel on the Park Apartments,AI07-0071,Complex,,2007/06/26 00:00:00+00,,,,,,Yes,565.7965088,103.007435,
1495,1768 Valley Rd,4.52024E+11,12,2,132,1768 Valley Rd,Hessel on the Park Apartments,AI07-0071,Complex,,2007/06/26 00:00:00+00,,,,,,Yes,571.9179688,103.3509727,
1496,1772 Valley Rd,4.52024E+11,12,2,132,1772 Valley Rd,Hessel on the Park Apartments,AI07-0071,Complex,,2007/06/26 00:00:00+00,,,,,,Yes,547.6430664,101.987932,
1497,1718 Valley Rd,4.52024E+11,8,2,133,1718 Valley Rd,Hessel on the Park Apartments,AI07-0071,Complex,,2007/06/26 00:00:00+00,,,,,,Yes,619.2633057,105.90769,
1498,1720 Valley Rd,4.52024E+11,8,2,133,1720 Valley Rd,Hessel on the Park Apartments,AI07-0071,Complex,,2007/06/26 00:00:00+00,,,,,,Yes,531.5731201,100.9444942,
1499,1722 Valley Rd,4.52024E+11,8,2,133,1722 Valley Rd,Hessel on the Park Apartments,AI07-0071,Complex,,2007/06/26 00:00:00+00,,,,,,Yes,644.1885986,107.8724477,
1500,1724 Valley Rd,4.52024E+11,8,2,133,1724 Valley Rd,Hessel on the Park Apartments,AI07-0071,Complex,,2007/06/26 00:00:00+00,,,,,,Yes,580.144043,104.3593519,
1501,1726 Valley Rd,4.52024E+11,8,2,133,1726 Valley Rd,Hessel on the Park Apartments,AI07-0071,Complex,,2007/06/26 00:00:00+00,,,,,,Yes,595.9104004,105.2324486,
1502,1728 Valley Rd,4.52024E+11,8,2,133,1728 Valley Rd,Hessel on the Park Apartments,AI07-0071,Complex,,2007/06/26 00:00:00+00,,,,,,Yes,508.104126,100.3266377,
1503,1732 Valley Rd,4.52024E+11,8,2,133,1732 Valley Rd,Hessel on the Park Apartments,AI07-0071,Complex,,2007/06/26 00:00:00+00,,,,,,Yes,515.5736084,101.3906502,
1504,1701 Valley Rd,4.52024E+11,8,2,134,1701 Valley Rd,Hessel on the Park Apartments,AI07-0071,Complex,,2007/06/26 00:00:00+00,,,,,,Yes,2393.75415,199.1242243,
1505,1725 Valley Rd,4.52024E+11,8,2,135,1725 Valley Rd,Hessel on the Park Apartments,AI07-0071,Complex,,2007/06/26 00:00:00+00,,,,,,Yes,687.2766113,108.1636216,
1506,1727 Valley Rd,4.52024E+11,8,2,135,1727 Valley Rd,Hessel on the Park Apartments,AI07-0071,Complex,,2007/06/26 00:00:00+00,,,,,,Yes,524.7750244,98.51095467,
1507,1731 Valley Rd,4.52024E+11,8,2,135,1731 Valley Rd,Hessel on the Park Apartments,AI07-0071,Complex,,2007/06/26 00:00:00+00,,,,,,Yes,2351.263794,198.0563711,
1508,1702 Valley Rd,4.52024E+11,8,2,136,1702 Valley Rd,Hessel on the Park Apartments,AI07-0071,Complex,,2007/06/26 00:00:00+00,,,,,,Yes,604.0947266,105.4737824,
1509,1704 Valley Rd,4.52024E+11,8,2,136,1704 Valley Rd,Hessel on the Park Apartments,AI07-0071,Complex,,2007/06/26 00:00:00+00,,,,,,Yes,570.5272217,103.6046707,
1510,1706 Valley Rd,4.52024E+11,8,2,136,1706 Valley Rd,Hessel on the Park Apartments,AI07-0071,Complex,,2007/06/26 00:00:00+00,,,,,,Yes,573.885498,103.7916823,
1511,1708 Valley Rd,4.52024E+11,8,2,136,1708 Valley Rd,Hessel on the Park Apartments,AI07-0071,Complex,,2007/06/26 00:00:00+00,,,,,,Yes,636.0480957,107.2530004,
1512,1710 Valley Rd,4.52024E+11,8,2,136,1710 Valley Rd,Hessel on the Park Apartments,AI07-0071,Complex,,2007/06/26 00:00:00+00,,,,,,Yes,520.4376221,100.8156018,
1513,1712 Valley Rd,4.52024E+11,8,2,136,1712 Valley Rd,Hessel on the Park Apartments,AI07-0071,Complex,,2007/06/26 00:00:00+00,,,,,,Yes,617.2518311,106.2063982,
1514,1714 Valley Rd,4.52024E+11,8,2,136,1714 Valley Rd,Hessel on the Park Apartments,AI07-0071,Complex,,2007/06/26 00:00:00+00,,,,,,Yes,542.7280273,102.0567535,
1515,1734 Valley Rd,4.52024E+11,8,2,137,1734 Valley Rd,Hessel on the Park Apartments,AI07-0071,Complex,,2007/06/26 00:00:00+00,,,,,,Yes,625.2390137,107.1689003,
1516,1736 Valley Rd,4.52024E+11,8,2,137,1736 Valley Rd,Hessel on the Park Apartments,AI07-0071,Complex,,2007/06/26 00:00:00+00,,,,,,Yes,625.8065186,107.2000605,
1517,1738 Valley Rd,4.52024E+11,8,2,137,1738 Valley Rd,Hessel on the Park Apartments,AI07-0071,Complex,,2007/06/26 00:00:00+00,,,,,,Yes,521.3736572,101.4642725,
1518,1740 Valley Rd,4.52024E+11,8,2,137,1740 Valley Rd,Hessel on the Park Apartments,AI07-0071,Complex,,2007/06/26 00:00:00+00,,,,,,Yes,645.5744629,108.285807,
1519,1742 Valley Rd,4.52024E+11,8,2,137,1742 Valley Rd,Hessel on the Park Apartments,AI07-0071,Complex,,2007/06/26 00:00:00+00,,,,,,Yes,549.6849365,103.0192148,
1520,1744 Valley Rd,4.52024E+11,8,2,137,1744 Valley Rd,Hessel on the Park Apartments,AI07-0071,Complex,,2007/06/26 00:00:00+00,,,,,,Yes,607.3823242,106.1881485,
1521,1748 Valley Rd,4.52024E+11,8,2,137,1748 Valley Rd,Hessel on the Park Apartments,AI07-0071,Complex,,2007/06/26 00:00:00+00,,,,,,Yes,530.7591553,101.9797466,
1522,1664 Valley Rd,4.52024E+11,8,2,139,1664 Valley Rd,Hessel on the Park Apartments,AI07-0071,Complex,,2007/06/26 00:00:00+00,,,,,,Yes,485.0681152,97.74440681,
1523,1666 Valley Rd,4.52024E+11,8,2,139,1666 Valley Rd,Hessel on the Park Apartments,AI07-0071,Complex,,2007/06/26 00:00:00+00,,,,,,Yes,555.0441895,101.7407334,
1524,1668 Valley Rd,4.52024E+11,8,2,139,1668 Valley Rd,Hessel on the Park Apartments,AI07-0071,Complex,,2007/06/26 00:00:00+00,,,,,,Yes,592.0780029,112.1154463,
1525,1670 Valley Rd,4.52024E+11,8,2,139,1670 Valley Rd,Hessel on the Park Apartments,AI07-0071,Complex,,2007/06/26 00:00:00+00,,,,,,Yes,585.8007813,104.5627804,
1526,1672 Valley Rd,4.52024E+11,8,2,139,1672 Valley Rd,Hessel on the Park Apartments,AI07-0071,Complex,,2007/06/26 00:00:00+00,,,,,,Yes,563.7232666,103.3366441,
1527,1674 Valley Rd,4.52024E+11,8,2,139,1674 Valley Rd,Hessel on the Park Apartments,AI07-0071,Complex,,2007/06/26 00:00:00+00,,,,,,Yes,562.5444336,103.2713562,
1528,1676 Valley Rd,4.52024E+11,8,2,139,1676 Valley Rd,Hessel on the Park Apartments,AI07-0071,Complex,,2007/06/26 00:00:00+00,,,,,,Yes,626.0472412,115.9070552,
1529,1527 Lincolnshire Dr,4.52023E+11,12,2,142,1527 Lincolnshire Dr,Champaign House Apartments,AI07-0092,Complex,,2007/07/24 00:00:00+00,,,,,,Yes,2568.424316,207.3740897,
1530,1525 Lincolnshire Dr,4.52023E+11,12,2,143,1525 Lincolnshire Dr,Champaign House Apartments,AI07-0092,Complex,,2007/07/24 00:00:00+00,,,,,,Yes,2180.834473,188.5375232,
1531,1640 Valley Rd,4.52024E+11,12,2,144,1640 Valley Rd,Hessel on the Park Apartments,AI07-0071,Complex,,2007/06/26 00:00:00+00,,,,,,Yes,603.1970215,104.4994383,
1532,1642 Valley Rd,4.52024E+11,12,2,144,1642 Valley Rd,Hessel on the Park Apartments,AI07-0071,Complex,,2007/06/26 00:00:00+00,,,,,,Yes,573.7476807,102.8179086,
1533,1644 Valley Rd,4.52024E+11,12,2,144,1644 Valley Rd,Hessel on the Park Apartments,AI07-0071,Complex,,2007/06/26 00:00:00+00,,,,,,Yes,539.3236084,100.8525184,
1534,1646 Valley Rd,4.52024E+11,12,2,144,1646 Valley Rd,Hessel on the Park Apartments,AI07-0071,Complex,,2007/06/26 00:00:00+00,,,,,,Yes,524.1645508,99.98669777,
1535,1648 Valley Rd,4.52024E+11,12,2,144,1648 Valley Rd,Hessel on the Park Apartments,AI07-0071,Complex,,2007/06/26 00:00:00+00,,,,,,Yes,693.8616943,114.4722587,
1536,1650 Valley Rd,4.52024E+11,12,2,144,1650 Valley Rd,Hessel on the Park Apartments,AI07-0071,Complex,,2007/06/26 00:00:00+00,,,,,,Yes,642.600708,111.9035011,
1537,1652 Valley Rd,4.52024E+11,12,2,144,1652 Valley Rd,Hessel on the Park Apartments,AI07-0071,Complex,,2007/06/26 00:00:00+00,,,,,,Yes,643.7631836,111.9619147,
1538,1654 Valley Rd,4.52024E+11,12,2,144,1654 Valley Rd,Hessel on the Park Apartments,AI07-0071,Complex,,2007/06/26 00:00:00+00,,,,,,Yes,574.3300781,108.2656899,
1539,1656 Valley Rd,4.52024E+11,12,2,144,1656 Valley Rd,Hessel on the Park Apartments,AI07-0071,Complex,,2007/06/26 00:00:00+00,,,,,,Yes,618.4044189,106.9904312,
1540,1658 Valley Rd,4.52024E+11,12,2,144,1658 Valley Rd,Hessel on the Park Apartments,AI07-0071,Complex,,2007/06/26 00:00:00+00,,,,,,Yes,621.2088623,107.2484771,
1541,1662 Valley Rd,4.52024E+11,12,2,144,1662 Valley Rd,Hessel on the Park Apartments,AI07-0071,Complex,,2007/06/26 00:00:00+00,,,,,,Yes,515.4121094,101.4822831,
1542,1616 Valley Rd,4.52024E+11,12,2,145,1616 Valley Rd,Hessel on the Park Apartments,AI07-0071,Complex,,2007/06/26 00:00:00+00,,,,,,Yes,614.2739258,106.0396977,
1543,1618 Valley Rd,4.52024E+11,12,2,145,1618 Valley Rd,Hessel on the Park Apartments,AI07-0071,Complex,,2007/06/26 00:00:00+00,,,,,,Yes,591.069458,104.7475929,
1544,1620 Valley Rd,4.52024E+11,12,2,145,1620 Valley Rd,Hessel on the Park Apartments,AI07-0071,Complex,,2007/06/26 00:00:00+00,,,,,,Yes,660.4180908,108.6091492,
1545,1622 Valley Rd,4.52024E+11,12,2,145,1622 Valley Rd,Hessel on the Park Apartments,AI07-0071,Complex,,2007/06/26 00:00:00+00,,,,,,Yes,574.2915039,112.0494052,
1546,1624 Valley Rd,4.52024E+11,12,2,145,1624 Valley Rd,Hessel on the Park Apartments,AI07-0071,Complex,,2007/06/26 00:00:00+00,,,,,,Yes,557.8170166,107.7534264,
1547,1626 Valley Rd,4.52024E+11,12,2,145,1626 Valley Rd,Hessel on the Park Apartments,AI07-0071,Complex,,2007/06/26 00:00:00+00,,,,,,Yes,536.4978027,106.6844422,
1548,1628 Valley Rd,4.52024E+11,12,2,145,1628 Valley Rd,Hessel on the Park Apartments,AI07-0071,Complex,,2007/06/26 00:00:00+00,,,,,,Yes,698.2286377,114.7924193,
1549,1630 Valley Rd,4.52024E+11,12,2,145,1630 Valley Rd,Hessel on the Park Apartments,AI07-0071,Complex,,2007/06/26 00:00:00+00,,,,,,Yes,670.4487305,116.4369242,
1550,1632 Valley Rd,4.52024E+11,12,2,145,1632 Valley Rd,Hessel on the Park Apartments,AI07-0071,Complex,,2007/06/26 00:00:00+00,,,,,,Yes,628.8823242,107.2619225,
1551,1638 Valley Rd,4.52024E+11,12,2,145,1638 Valley Rd,Hessel on the Park Apartments,AI07-0071,Complex,,2007/06/26 00:00:00+00,,,,,,Yes,538.713501,102.295611,
1552,1634 Valley Rd,4.52024E+11,12,2,145,1634 Valley Rd,Hessel on the Park Apartments,AI07-0071,Complex,,2007/06/26 00:00:00+00,,,,,,Yes,527.6090088,101.684013,
1553,733 Prestwick Pt,4.42016E+11,12,2,,733 Prestwick Pt,Prestwick Point,,Complex,,1970/01/01 00:00:00+00,,,,,,Yes,671.480957,126.0797778,
1554,735 Prestwick Pt,4.42016E+11,12,2,,735 Prestwick Pt,Prestwick Point,,Complex,,1970/01/01 00:00:00+00,,,,,,Yes,778.107666,147.4226592,
1555,737 Prestwick Pt,4.42016E+11,12,2,,737 Prestwick Pt,Prestwick Point,,Complex,,1970/01/01 00:00:00+00,,,,,,Yes,761.9100342,147.2110022,
1556,739 Prestwick Pt,4.42016E+11,12,2,,739 Prestwick Pt,Prestwick Point,,Complex,,1970/01/01 00:00:00+00,,,,,,Yes,707.5737305,127.3930413,
1557,741 Prestwick Pt,4.42016E+11,12,2,,741 Prestwick Pt,Prestwick Point,,Complex,,1970/01/01 00:00:00+00,,,,,,Yes,630.3074951,124.2135729,
1558,743 Prestwick Pt,4.42016E+11,12,2,,743 Prestwick Pt,Prestwick Point,,Complex,,1970/01/01 00:00:00+00,,,,,,Yes,639.1365967,143.4404397,
1559,745 Prestwick Pt,4.42016E+11,12,2,,745 Prestwick Pt,Prestwick Point,,Complex,,1970/01/01 00:00:00+00,,,,,,Yes,800.4541016,147.5914212,
1560,747 Prestwick Pt,4.42016E+11,12,2,,747 Prestwick Pt,Prestwick Point,,Complex,,1970/01/01 00:00:00+00,,,,,,Yes,675.288208,125.8989433,
1561,749 Prestwick Pt,4.42016E+11,12,2,,749 Prestwick Pt,Prestwick Point,,Complex,,1970/01/01 00:00:00+00,,,,,,Yes,690.2744141,126.4596425,
1562,751 Prestwick Pt,4.42016E+11,12,2,,751 Prestwick Pt,Prestwick Point,,Complex,,1970/01/01 00:00:00+00,,,,,,Yes,694.9371338,143.3677926,
1563,755 Prestwick Pt,4.42016E+11,12,2,,755 Prestwick Pt,Prestwick Point,,Complex,,1970/01/01 00:00:00+00,,,,,,Yes,742.1417236,129.8044498,
1564,312 S Prarie,4.22012E+11,20,2,,312 S Prarie,Prarie Place Apartments,,Complex,,1970/01/01 00:00:00+00,,,,,,Yes,3850.07251,285.3071937,
1565,316 S Prarie,4.22012E+11,20,2,,316 S Prarie,Prarie Place Apartments,,Complex,,1970/01/01 00:00:00+00,,,,,,Yes,3833.950684,286.5384139,
1566,918 Pomona Dr,4.1201E+11,4,2,,918 Pomona Dr,Tuscany Ridge Townhomes,,Complex,,1970/01/01 00:00:00+00,,,,,,,491.3782959,98.18485764,
1567,920 Pomona Dr,4.1201E+11,4,2,,920 Pomona Dr,Tuscany Ridge Townhomes,,Complex,,1970/01/01 00:00:00+00,,,,,,,577.3752441,104.7862521,
1568,924 Pomona Dr,4.1201E+11,4,2,,924 Pomona Dr,Tuscany Ridge Townhomes,,Complex,,1970/01/01 00:00:00+00,,,,,,,507.7242432,99.68104784,
1569,2748 Hunters Pond Run,4.11436E+11,30,2,,2748 Hunters Pond Run,Hunters Pond Apartments,,Complex,,1970/01/01 00:00:00+00,,,,,,Yes,1951.346924,184.4952626,
1570,2750 Hunters Pond Run,4.11436E+11,30,2,,2750 Hunters Pond Run,Hunters Pond Apartments,,Complex,,1970/01/01 00:00:00+00,,,,,,Yes,2045.642334,190.024512,
1571,2752 Hunters Pond Run,4.11436E+11,30,2,,2752 Hunters Pond Run,Hunters Pond Apartments,,Complex,,1970/01/01 00:00:00+00,,,,,,Yes,1723.562134,175.6376546,
1572,2756 Hunters Pond Run,4.11436E+11,30,2,,2756 Hunters Pond Run,Hunters Pond Apartments,,Complex,,1970/01/01 00:00:00+00,,,,,,Yes,2231.957397,195.8796131,
1573,2736 Hunters Pond Run,4.11436E+11,36,2,,2736 Hunters Pond Run,Hunters Pond Apartments,,Complex,,1970/01/01 00:00:00+00,,,,,,Yes,2539.708984,213.2344694,
1574,2738 Hunters Pond Run,4.11436E+11,36,2,,2738 Hunters Pond Run,Hunters Pond Apartments,,Complex,,1970/01/01 00:00:00+00,,,,,,Yes,1651.434082,171.3128079,
1575,2740 Hunters Pond Run,4.11436E+11,36,2,,2740 Hunters Pond Run,Hunters Pond Apartments,,Complex,,1970/01/01 00:00:00+00,,,,,,Yes,1973.795166,189.6665811,
1576,2742 Hunters Pond Run,4.11436E+11,36,2,,2742 Hunters Pond Run,Hunters Pond Apartments,,Complex,,1970/01/01 00:00:00+00,,,,,,Yes,1877.670044,187.5846757,
1577,2744 Hunters Pond Run,4.11436E+11,36,2,,2744 Hunters Pond Run,Hunters Pond Apartments,,Complex,,1970/01/01 00:00:00+00,,,,,,Yes,2071.300659,190.7691919,
1578,2724 Hunters Pond Run,4.11436E+11,36,2,,2724 Hunters Pond Run,Hunters Pond Apartments,,Complex,,1970/01/01 00:00:00+00,,,,,,Yes,2158.325928,202.6532915,
1579,2726 Hunters Pond Run,4.11436E+11,36,2,,2726 Hunters Pond Run,Hunters Pond Apartments,,Complex,,1970/01/01 00:00:00+00,,,,,,Yes,2239.598999,195.5337559,
1580,2728 Hunters Pond Run,4.11436E+11,36,2,,27248 Hunters Pond Run,Hunters Pond Apartments,,Complex,,1970/01/01 00:00:00+00,,,,,,Yes,2033.607666,193.5673308,
1581,2730 Hunters Pond Run,4.11436E+11,36,2,,2730 Hunters Pond Run,Hunters Pond Apartments,,Complex,,1970/01/01 00:00:00+00,,,,,,Yes,2197.107788,215.1318085,
1582,2732 Hunters Pond Run,4.11436E+11,36,2,,2732 Hunters Pond Run,Hunters Pond Apartments,,Complex,,1970/01/01 00:00:00+00,,,,,,Yes,1956.195435,186.6642313,
1583,2769 Hunters Pond Run,4.11436E+11,36,2,,2769 Hunters Pond Run,Hunters Pond Apartments,,Complex,,1970/01/01 00:00:00+00,,,,,,Yes,1598.462158,169.5496889,
1584,2771 Hunters Pond Run,4.11436E+11,36,2,,2771 Hunters Pond Run,Hunters Pond Apartments,,Complex,,1970/01/01 00:00:00+00,,,,,,Yes,2068.722778,190.4352645,
1585,2773 Hunters Pond Run,4.11436E+11,36,2,,2773 Hunters Pond Run,Hunters Pond Apartments,,Complex,,1970/01/01 00:00:00+00,,,,,,Yes,2041.114502,197.8005723,
1586,2777 Hunters Pond Run,4.11436E+11,36,2,,2777 Hunters Pond Run,Hunters Pond Apartments,,Complex,,1970/01/01 00:00:00+00,,,,,,Yes,2013.604492,198.141656,
1587,2757 Hunters Pond Run,4.11436E+11,36,2,,2757 Hunters Pond Run,Hunters Pond Apartments,,Complex,,1970/01/01 00:00:00+00,,,,,,Yes,1989.661743,203.7116136,
1588,2759 Hunters Pond Run,4.11436E+11,36,2,,2759 Hunters Pond Run,Hunters Pond Apartments,,Complex,,1970/01/01 00:00:00+00,,,,,,Yes,2755.137451,225.1254315,
1589,2761 Hunters Pond Run,4.11436E+11,36,2,,2761 Hunters Pond Run,Hunters Pond Apartments,,Complex,,1970/01/01 00:00:00+00,,,,,,Yes,2121.786987,216.3814727,
1590,2763 Hunters Pond Run,4.11436E+11,36,2,,2763 Hunters Pond Run,Hunters Pond Apartments,,Complex,,1970/01/01 00:00:00+00,,,,,,Yes,2364.365601,211.2559618,
1591,2767 Hunters Pond Run,4.11436E+11,36,2,,2767 Hunters Pond Run,Hunters Pond Apartments,,Complex,,1970/01/01 00:00:00+00,,,,,,Yes,1864.732422,193.9527699,
1592,2745 Hunters Pond Run,4.11436E+11,36,2,,2745 Hunters Pond Run,Hunters Pond Apartments,,Complex,,1970/01/01 00:00:00+00,,,,,,Yes,2139.251465,198.127317,
1593,2747 Hunters Pond Run,4.11436E+11,36,2,,2747 Hunters Pond Run,Hunters Pond Apartments,,Complex,,1970/01/01 00:00:00+00,,,,,,Yes,2148.049561,186.7477741,
1594,2749 Hunters Pond Run,4.11436E+11,36,2,,2749 Hunters Pond Run,Hunters Pond Apartments,,Complex,,1970/01/01 00:00:00+00,,,,,,Yes,2314.764648,213.1312853,
1595,2751 Hunters Pond Run,4.11436E+11,36,2,,2751 Hunters Pond Run,Hunters Pond Apartments,,Complex,,1970/01/01 00:00:00+00,,,,,,Yes,2359.88208,206.1579025,
1596,2753 Hunters Pond Run,4.11436E+11,36,2,,2753 Hunters Pond Run,Hunters Pond Apartments,,Complex,,1970/01/01 00:00:00+00,,,,,,Yes,2032.079346,189.6969323,
1597,2711 Hunters Pond Run,4.11436E+11,36,2,,2711 Hunters Pond Run,Hunters Pond Apartments,,Complex,,1970/01/01 00:00:00+00,,,,,,Yes,1922.053467,199.2187507,
1598,2709 Hunters Pond Run,4.11436E+11,36,2,,2709 Hunters Pond Run,Hunters Pond Apartments,,Complex,,1970/01/01 00:00:00+00,,,,,,Yes,2202.556396,198.313148,
1599,2707 Hunters Pond Run,4.11436E+11,36,2,,2707 Hunters Pond Run,Hunters Pond Apartments,,Complex,,1970/01/01 00:00:00+00,,,,,,Yes,2351.145142,205.3176133,
1600,2701 Hunters Pond Run,4.11436E+11,36,2,,2701 Hunters Pond Run,Hunters Pond Apartments,,Complex,,1970/01/01 00:00:00+00,,,,,,Yes,2183.506836,208.4363114,
1601,2705 Hunters Pond Run,4.11436E+11,36,2,,2705 Hunters Pond Run,Hunters Pond Apartments,,Complex,,1970/01/01 00:00:00+00,,,,,,Yes,2051.967041,211.8667895,
1602,2722 Hunters Pond Run,4.11436E+11,36,2,,2722 Hunters Pond Run,Hunters Pond Apartments,,Complex,,1970/01/01 00:00:00+00,,,,,,Yes,2326.730347,209.7243679,
1603,2720 Hunters Pond Run,4.11436E+11,36,2,,2720 Hunters Pond Run,Hunters Pond Apartments,,Complex,,1970/01/01 00:00:00+00,,,,,,Yes,2314.738037,201.2126145,
1604,2718 Hunters Pond Run,4.11436E+11,36,2,,2718 Hunters Pond Run,Hunters Pond Apartments,,Complex,,1970/01/01 00:00:00+00,,,,,,Yes,2331.848999,220.5108366,
1605,2716 Hunters Pond Run,4.11436E+11,36,2,,2716 Hunters Pond Run,Hunters Pond Apartments,,Complex,,1970/01/01 00:00:00+00,,,,,,Yes,1884.483154,187.9256261,
1606,2714 Hunters Pond Run,4.11436E+11,36,2,,2714 Hunters Pond Run,Hunters Pond Apartments,,Complex,,1970/01/01 00:00:00+00,,,,,,Yes,2096.074585,192.0534538,
1607,2710 Hunters Pond Run,4.11436E+11,30,2,,2710 Hunters Pond Run,Hunters Pond Apartments,,Complex,,1970/01/01 00:00:00+00,,,,,,Yes,1822.518677,194.5856712,
1608,2708 Hunters Pond Run,4.11436E+11,30,2,,2708 Hunters Pond Run,Hunters Pond Apartments,,Complex,,1970/01/01 00:00:00+00,,,,,,Yes,2305.735352,203.1692098,
1609,2706 Hunters Pond Run,4.11436E+11,30,2,,2706 Hunters Pond Run,Hunters Pond Apartments,,Complex,,1970/01/01 00:00:00+00,,,,,,Yes,1687.463135,184.6908287,
1610,2702 Hunters Pond Run,4.11436E+11,30,2,,2702 Hunters Pond Run,Hunters Pond Apartments,,Complex,,1970/01/01 00:00:00+00,,,,,,Yes,2094.706543,204.7476345,
1611,2768 Hunters Pond Run,4.11436E+11,36,2,,2768 Hunters Pond Run,Hunters Pond Apartments,,Complex,,1970/01/01 00:00:00+00,,,,,,Yes,1760.466553,200.8536019,
1612,2766 Hunters Pond Run,4.11436E+11,36,2,,2766 Hunters Pond Run,Hunters Pond Apartments,,Complex,,1970/01/01 00:00:00+00,,,,,,Yes,1537.682739,175.7251156,
1613,2764 Hunters Pond Run,4.11436E+11,36,2,,2764 Hunters Pond Run,Hunters Pond Apartments,,Complex,,1970/01/01 00:00:00+00,,,,,,Yes,2023.349487,212.0339438,
1614,2762 Hunters Pond Run,4.11436E+11,36,2,,2762 Hunters Pond Run,Hunters Pond Apartments,,Complex,,1970/01/01 00:00:00+00,,,,,,Yes,1717.09436,194.8514951,
1615,2760 Hunters Pond Run,4.11436E+11,36,2,,2760 Hunters Pond Run,Hunters Pond Apartments,,Complex,,1970/01/01 00:00:00+00,,,,,,Yes,1794.780884,194.9224692,
1616,2717 Hunters Pond Run,4.11436E+11,36,2,,2717 Hunters Pond Run,Hunters Pond Apartments,,Complex,,1970/01/01 00:00:00+00,,,,,,Yes,2403.514526,250.1910056,
1617,734 Prestwick Pt,4.42016E+11,12,2,,734 Prestwick Pt,Prestwick Point,,Complex,,1970/01/01 00:00:00+00,,,,,,Yes,681.026123,130.8553028,
1618,736 Prestwick Pt,4.42016E+11,12,2,,736 Prestwick Pt,Prestwick Point,,Complex,,1970/01/01 00:00:00+00,,,,,,Yes,772.4349365,155.9366658,
1619,738 Prestwick Pt,4.42016E+11,12,2,,738 Prestwick Pt,Prestwick Point,,Complex,,1970/01/01 00:00:00+00,,,,,,Yes,861.7471924,156.7745916,
1620,740 Prestwick Pt,4.42016E+11,12,2,,740 Prestwick Pt,Prestwick Point,,Complex,,1970/01/01 00:00:00+00,,,,,,Yes,678.7342529,130.9826002,
1621,742 Prestwick Pt,4.42016E+11,12,2,,742 Prestwick Pt,Prestwick Point,,Complex,,1970/01/01 00:00:00+00,,,,,,Yes,669.2553711,130.1951979,
1622,744 Prestwick Pt,4.42016E+11,12,2,,744 Prestwick Pt,Prestwick Point,,Complex,,1970/01/01 00:00:00+00,,,,,,Yes,1043.481689,165.9858776,
1623,746 Prestwick Pt,4.42016E+11,12,2,,746 Prestwick Pt,Prestwick Point,,Complex,,1970/01/01 00:00:00+00,,,,,,Yes,1005.540283,163.8736721,
1624,748 Prestwick Pt,4.42016E+11,12,2,,748 Prestwick Pt,Prestwick Point,,Complex,,1970/01/01 00:00:00+00,,,,,,Yes,805.5495605,135.6007104,
1625,750 Prestwick Pt,4.42016E+11,12,2,,750 Prestwick Pt,Prestwick Point,,Complex,,1970/01/01 00:00:00+00,,,,,,Yes,845.3703613,141.0800408,
1626,752 Prestwick Pt,4.42016E+11,12,2,,752 Prestwick Pt,Prestwick Point,,Complex,,1970/01/01 00:00:00+00,,,,,,Yes,958.0480957,159.0140931,
1627,756 Prestwick Pt,4.42016E+11,12,2,,756 Prestwick Pt,Prestwick Point,,Complex,,1970/01/01 00:00:00+00,,,,,,Yes,455.8154297,123.3329956,
1628,757 Prestwick Pt,4.42016E+11,12,2,,757 Prestwick Pt,Prestwick Point,,Complex,,1970/01/01 00:00:00+00,,,,,,Yes,1033.637329,142.7015226,
1629,759 Prestwick Pt,4.42016E+11,12,2,,759 Prestwick Pt,Prestwick Point,,Complex,,1970/01/01 00:00:00+00,,,,,,Yes,1111.853882,157.3191571,
1630,761 Prestwick Pt,4.42016E+11,12,2,,761 Prestwick Pt,Prestwick Point,,Complex,,1970/01/01 00:00:00+00,,,,,,Yes,787.9311523,136.1972166,
1631,763 Prestwick Pt,4.42016E+11,12,2,,763 Prestwick Pt,Prestwick Point,,Complex,,1970/01/01 00:00:00+00,,,,,,Yes,658.8693848,130.5053427,
1632,765 Prestwick Pt,4.42016E+11,12,2,,765 Prestwick Pt,Prestwick Point,,Complex,,1970/01/01 00:00:00+00,,,,,,Yes,761.4681396,147.9453219,
1633,767 Prestwick Pt,4.42016E+11,12,2,,767 Prestwick Pt,Prestwick Point,,Complex,,1970/01/01 00:00:00+00,,,,,,Yes,755.5065918,144.3832766,
1634,769 Prestwick Pt,4.42016E+11,12,2,,769 Prestwick Pt,Prestwick Point,,Complex,,1970/01/01 00:00:00+00,,,,,,Yes,630.6998291,130.3430165,
1635,771 Prestwick Pt,4.42016E+11,12,2,,771 Prestwick Pt,Prestwick Point,,Complex,,1970/01/01 00:00:00+00,,,,,,Yes,486.2562256,123.9858446,
1636,773 Prestwick Pt,4.42016E+11,12,2,,773 Prestwick Pt,Prestwick Point,,Complex,,1970/01/01 00:00:00+00,,,,,,Yes,724.6640625,133.4447402,
1637,775 Prestwick Pt,4.42016E+11,12,2,,775 Prestwick Pt,Prestwick Point,,Complex,,1970/01/01 00:00:00+00,,,,,,Yes,623.3222656,140.8909419,
1638,777 Prestwick Pt,4.42016E+11,12,2,,777 Prestwick Pt,Prestwick Point,,Complex,,1970/01/01 00:00:00+00,,,,,,Yes,851.5983887,148.0245805,
1639,2721 Hunters Pond Run,4.11436E+11,36,2,,2721 Hunters Pond Run,Hunters Pond Apartments,,Complex,,1970/01/01 00:00:00+00,,,,,,Yes,2015.939087,193.4115447,
1640,2723 Hunters Pond Run,4.11436E+11,36,2,,2723 Hunters Pond Run,Hunters Pond Apartments,,Complex,,1970/01/01 00:00:00+00,,,,,,Yes,2388.935181,208.8476624,
1641,2725 Hunters Pond Run,4.11436E+11,36,2,,2725 Hunters Pond Run,Hunters Pond Apartments,,Complex,,1970/01/01 00:00:00+00,,,,,,Yes,2322.60376,224.6891646,
1642,2727 Hunters Pond Run,4.11436E+11,36,2,,2727 Hunters Pond Run,Hunters Pond Apartments,,Complex,,1970/01/01 00:00:00+00,,,,,,Yes,2146.265869,228.7837232,
1643,2731Hunters Pond Run,4.11436E+11,36,2,,2731Hunters Pond Run,Hunters Pond Apartments,,Complex,,1970/01/01 00:00:00+00,,,,,,Yes,2293.720825,204.1377502,
1644,2733 Hunters Pond Run,4.11436E+11,36,2,,2733 Hunters Pond Run,Hunters Pond Apartments,,Complex,,1970/01/01 00:00:00+00,,,,,,Yes,1609.623779,188.9839211,
1645,2735 Hunters Pond Run,4.11436E+11,36,2,,2735 Hunters Pond Run,Hunters Pond Apartments,,Complex,,1970/01/01 00:00:00+00,,,,,,Yes,2225.716553,212.8311736,
1646,2737 Hunters Pond Run,4.11436E+11,36,2,,2737 Hunters Pond Run,Hunters Pond Apartments,,Complex,,1970/01/01 00:00:00+00,,,,,,Yes,2010.353394,224.115453,
1647,2739 Hunters Pond Run,4.11436E+11,36,2,,2739 Hunters Pond Run,Hunters Pond Apartments,,Complex,,1970/01/01 00:00:00+00,,,,,,Yes,2286.468018,217.8363396,
1648,2743 Hunters Pond Run,4.11436E+11,36,2,,2743 Hunters Pond Run,Hunters Pond Apartments,,Complex,,1970/01/01 00:00:00+00,,,,,,Yes,1784.560669,199.9118919,
1649,116 N Walnut St,4.22012E+11,3, ,1217,116 N Walnut St, ,AI09-0162,Building,,2010/02/05 00:00:00+00,,,,,,,1270.198486,170.1276026,
1650,118 N Neil St,4.22012E+11,2,2,1214,118 N Neil,,AI10-0078,Over Commercial,,2010/05/27 00:00:00+00,,,,,,,1411.935425,205.697728,
1651,114 N Neil St,4.22012E+11,2,2,1213,114 N Neil,,AI10-0078,Building,,2010/05/27 00:00:00+00,,,,,,,1465.842285,192.2459211,
1654,402 S Lynn St,4.32013E+11,3, ,1173,402 S Lynn St, ,AI10-0093,Building,,2010/09/28 00:00:00+00,,,,,,,771.2591553,128.0580021,
1655,1404 Grandview Dr,4.32013E+11,8,2,720,1404 Grandview,,AI06-0103,Building,,2007/01/19 00:00:00+00,,,,,,Yes,1567.917847,212.2836502,
1656,805 S First St,4.32013E+11,18,3,642,805 S First, ,AI07-0120,Building,,2008/12/16 00:00:00+00,,,,,,,1364.760864,149.0683122,
1657,807 S First St,4.32013E+11,18,3,642,807 S First, ,AI07-0120,Building,,2008/12/16 00:00:00+00,,,,,,,1303.327881,145.2715345,
1658,1404 N McKinley Ave,4.12002E+11,12,3,522,1404 N McKinley Ave,Garden Courts Apartments,AI09-0055,Complex,,2010/04/07 00:00:00+00,,,,,,Yes,1908.777588,179.2452315,
1659,1015 Francis Dr,4.12002E+11,36,3,521,1015 Francis Dr,Garden Courts Apartments,AI09-0055,Complex,,2010/04/07 00:00:00+00,,,,,,Yes,1951.716919,182.5449739,
1660,1013 Francis Dr,4.12002E+11,36,3,521,1013 Francis Dr,Garden Courts Apartments,AI09-0055,Complex,,2010/04/07 00:00:00+00,,,,,,Yes,2075.02771,189.7576343,
1661,1009 Francis Dr,4.12002E+11,36,3,521,1009 Francis Dr,Garden Courts Apartments,AI09-0055,Complex,,2010/04/07 00:00:00+00,,,,,,Yes,2787.918823,229.1644652,
1662,1017 Francis Dr,4.12002E+11,18,3,519,1017 Francis Dr,Garden Courts Apartments,AI09-0055,Complex,,2010/04/07 00:00:00+00,,,,,,Yes,2148.626099,193.879389,
1663,1021 Francis Dr,4.12002E+11,18,3,519,1021 Francis Dr,Garden Courts Apartments,AI09-0055,Complex,,2010/04/07 00:00:00+00,,,,,,Yes,1980.68811,184.0874912,
1664,1001 Francis Dr,4.12002E+11,24,3,523,1001 Francis Dr,Garden Courts Apartments,AI09-0055,Complex,,2010/04/07 00:00:00+00,,,,,,Yes,2141.692139,193.0512667,
1665,1003 Francis Dr,4.12002E+11,24,3,523,1003 Francis Dr,Garden Courts Apartments,AI09-0055,Complex,,2010/04/07 00:00:00+00,,,,,,Yes,2086.326538,189.847775,
1666,1007 Francis Dr,4.12002E+11,24,3,523,1007 Francis Dr,Garden Courts Apartments,AI09-0055,Complex,,2010/04/07 00:00:00+00,,,,,,Yes,2028.811401,186.5199189,
1667,416 Nathaniel Burch Dr,4.62106E+11,2,2,497,416 Nathaniel Burch Dr,Douglas Square Townhomes,,Complex,,1970/01/01 00:00:00+00,,,,,,,1203.030029,146.5271346,
1668,410 Nathaniel Burch Dr,4.62106E+11,1,2,485,410 Nathaniel Burch Dr,Douglas Square Townhomes,,Complex,,1970/01/01 00:00:00+00,,,,,,,722.2784424,119.1059563,
1669,408 Nathaniel Burch Dr,4.62106E+11,1,2,484,408 Nathaniel Burch Dr,Douglas Square Townhomes,,Complex,,1970/01/01 00:00:00+00,,,,,,,681.2120361,120.3827967,
1670,521 Nathaniel Burch Dr,4.62106E+11,1,2,477,521 Nathaniel Burch Dr,Douglas Square Townhomes,,Complex,,1970/01/01 00:00:00+00,,,,,,,700.9349365,116.8846071,
1671,511 Nathaniel Burch Dr,4.62106E+11,2,2,476,511 Nathaniel Burch Dr,Douglas Square Townhomes,,Complex,,1970/01/01 00:00:00+00,,,,,,,578.3209229,111.0374443,
1672,409 Nathaniel Burch Dr,4.62106E+11,2,2,474,409 Nathaniel Burch Dr,Douglas Square Townhomes,,Complex,,1970/01/01 00:00:00+00,,,,,,,716.8946533,118.8544989,
1673,513 Nathaniel Burch Dr,4.62106E+11,2,2,473,513 Nathaniel Burch Dr,Douglas Square Townhomes,,Complex,,1970/01/01 00:00:00+00,,,,,,,400.7655029,88.91572883,
1674,519 Nathaniel Burch Dr,4.62106E+11,2,2,473,519 Nathaniel Burch Dr,Douglas Square Townhomes,,Complex,,1970/01/01 00:00:00+00,,,,,,,313.2476807,94.90383781,
1675,517 Nathaniel Burch Dr,4.62106E+11,2,2,473,517 Nathaniel Burch Dr,Douglas Square Townhomes,,Complex,,1970/01/01 00:00:00+00,,,,,,,622.0927734,114.372042,
1676,401 Nathaniel Burch Dr,4.62106E+11,2,2,472,401 Nathaniel Burch Dr,Douglas Square Townhomes,,Complex,,1970/01/01 00:00:00+00,,,,,,,693.0594482,117.1221386,
1677,415 Nathaniel Burch Dr,4.62106E+11,3,2,471,415 Nathaniel Burch Dr,Douglas Square Townhomes,,Complex,,1970/01/01 00:00:00+00,,,,,,,470.0617676,94.02477922,
1678,421 Nathaniel Burch Dr,4.62106E+11,3,2,471,421 Nathaniel Burch Dr,Douglas Square Townhomes,,Complex,,1970/01/01 00:00:00+00,,,,,,,293.2523193,91.24522903,
1679,417 Nathaniel Burch Dr,4.62106E+11,3,2,471,417 Nathaniel Burch Dr,Douglas Square Townhomes,,Complex,,1970/01/01 00:00:00+00,,,,,,,563.6937256,111.205383,
1680,501 Nathaniel Burch Dr,4.62106E+11,2,2,470,501 Nathaniel Burch Dr,Douglas Square Townhomes,,Complex,,1970/01/01 00:00:00+00,,,,,,,366.1479492,86.82148121,
1681,507 Nathaniel Burch Dr,4.62106E+11,2,2,470,507 Nathaniel Burch Dr,Douglas Square Townhomes,,Complex,,1970/01/01 00:00:00+00,,,,,,,237.5435791,89.95005,
1682,503 Nathaniel Burch Dr,4.62106E+11,2,2,470,503 Nathaniel Burch Dr,Douglas Square Townhomes,,Complex,,1970/01/01 00:00:00+00,,,,,,,620.2508545,112.3478718,
1683,407 Nathaniel Burch Dr,4.62106E+11,2,2,469,407 Nathaniel Burch Dr,Douglas Square Townhomes,,Complex,,1970/01/01 00:00:00+00,,,,,,,809.6152344,133.097823,
1684,414 E Bradley Ave,4.62106E+11,4,2,457,414 E Bradley Ave,Douglas Square Townhomes,,Complex,,1970/01/01 00:00:00+00,,,,,,,628.1359863,107.9867169,
1685,416 E Bradley Ave,4.62106E+11,4,2,457,416 E Bradley Ave,Douglas Square Townhomes,,Complex,,1970/01/01 00:00:00+00,,,,,,,556.6901855,103.579243,
1686,420 E Bradley Ave,4.62106E+11,4,2,457,420 E Bradley Ave,Douglas Square Townhomes,,Complex,,1970/01/01 00:00:00+00,,,,,,,660.0714111,109.5976073,
1687,404 E Bradley Ave,4.62106E+11,4,2,454,404 E Bradley Ave,Douglas Square Townhomes,,Complex,,1970/01/01 00:00:00+00,,,,,,,621.1555176,105.9099416,
1688,406 E Bradley Ave,4.62106E+11,4,2,454,406 E Bradley Ave,Douglas Square Townhomes,,Complex,,1970/01/01 00:00:00+00,,,,,,,601.7877197,104.4682501,
1689,408 E Bradley Ave,4.62106E+11,4,2,454,408 E Bradley Ave,Douglas Square Townhomes,,Complex,,1970/01/01 00:00:00+00,,,,,,,605.3353271,104.6703587,
1690,1126 Pomona Dr,4.1201E+11,4,2,452,1126 Pomona Dr,Tuscany Ridge Townhomes,,Complex,,1970/01/01 00:00:00+00,,,,,,,650.6020508,111.6961627,
1691,1128 Pomona Dr,4.1201E+11,4,2,452,1128 Pomona Dr,Tuscany Ridge Townhomes,,Complex,,1970/01/01 00:00:00+00,,,,,,,525.9047852,99.00947515,
1692,1130 Pomona Dr,4.1201E+11,4,2,452,1130 Pomona Dr,Tuscany Ridge Townhomes,,Complex,,1970/01/01 00:00:00+00,,,,,,,495.0672607,97.98464382,
1693,1124 N Third St,4.62107E+11,8,2,448,1124 N Third St,Oaktrace Apartments,AI06-0168,Complex,,2006/09/21 00:00:00+00,,,,,,Yes,666.9506836,109.9535075,
1694,1126 N Third St,4.62107E+11,8,2,448,1126 N Third St,Oaktrace Apartments,AI06-0168,Complex,,2006/09/21 00:00:00+00,,,,,,Yes,850.3922119,120.6038291,
1695,1128 N Third St,4.62107E+11,8,2,448,1128 N Third St,Oaktrace Apartments,AI06-0168,Complex,,2006/09/21 00:00:00+00,,,,,,Yes,635.2922363,114.581259,
1696,1130 N Third St,4.62107E+11,8,2,448,1130 N Third St,Oaktrace Apartments,AI06-0168,Complex,,2006/09/21 00:00:00+00,,,,,,Yes,631.1870117,112.94691,
1697,1132 N Third St,4.62107E+11,8,2,448,1132 N Third St,Oaktrace Apartments,AI06-0168,Complex,,2006/09/21 00:00:00+00,,,,,,Yes,798.510498,122.8785893,
1698,1134 N Third St,4.62107E+11,8,2,448,1134 N Third St,Oaktrace Apartments,AI06-0168,Complex,,2006/09/21 00:00:00+00,,,,,,Yes,779.5687256,115.775541,
1699,1136 N Third St,4.62107E+11,8,2,448,1136 N Third St,Oaktrace Apartments,AI06-0168,Complex,,2006/09/21 00:00:00+00,,,,,,Yes,531.1694336,102.6968935,
1700,3214 Cameron Dr,32021226007,2,1,172,3214 Cameron Dr,Westwood Village,,Complex,,1970/01/01 00:00:00+00,,,,,,,633.8465576,102.6042346,
1701,3814 Balmoral Dr,4.42016E+11,6,2,195,3814 Balmoral Dr,Cobblefield Point Condos,,Complex,,1970/01/01 00:00:00+00,,,,,,Yes,1290.47998,167.7700472,
1702,3816 Balmoral Dr,4.42016E+11,6,2,195,3816 Balmoral Dr,Cobblefield Point Condos,,Complex,,1970/01/01 00:00:00+00,,,,,,Yes,1074.461914,160.5898253,
1703,3818 Balmoral Dr,4.42016E+11,6,2,195,3818 Balmoral Dr,Cobblefield Point Condos,,Complex,,1970/01/01 00:00:00+00,,,,,,,1074.118652,151.4596655,
1704,3820 Balmoral Dr,4.42016E+11,6,2,195,3820 Balmoral Dr,Cobblefield Point Condos,,Complex,,1970/01/01 00:00:00+00,,,,,,Yes,1050.264282,153.8476149,
1705,3822 Balmoral Dr,4.42016E+11,6,2,195,3822 Balmoral Dr,Cobblefield Point Condos,,Complex,,1970/01/01 00:00:00+00,,,,,,,1208.6073,158.7681857,
1706,3838 Balmoral Dr,442016179173 & 442016179171 & 442016179169 +3more,6,2,196,3838 Balmoral Dr,Cobblefield Point Condos,,Complex,,1970/01/01 00:00:00+00,,,,,,,1691.557495,185.8190513,
1707,3840 Balmoral Dr,442016179173 & 442016179171 & 442016179169 +3more,6,2,196,3840 Balmoral Dr,Cobblefield Point Condos,,Complex,,1970/01/01 00:00:00+00,,,,,,,1079.536743,156.7392697,
1708,3842 Balmoral Dr,442016179173 & 442016179171 & 442016179169 +3more,6,2,196,3842 Balmoral Dr,Cobblefield Point Condos,,Complex,,1970/01/01 00:00:00+00,,,,,,,1053.609985,156.4992862,
1709,3844 Balmoral Dr,442016179173 & 442016179171 & 442016179169 +3more,6,2,196,3844 Balmoral Dr,Cobblefield Point Condos,,Complex,,1970/01/01 00:00:00+00,,,,,,,1098.416504,154.1470686,
1710,3846 Balmoral Dr,442016179173 & 442016179171 & 442016179169 +3more,6,2,196,3846 Balmoral Dr,Cobblefield Point Condos,,Complex,,1970/01/01 00:00:00+00,,,,,,,1205.678345,177.1720381,
1711,3826 Balmoral Dr,4.42016E+11,6,2,197,3826 Balmoral Dr,Cobblefield Point Condos,,Complex,,1970/01/01 00:00:00+00,,,,,,,1342.415283,170.3829236,
1712,3828 Balmoral Dr,4.42016E+11,6,2,197,3828 Balmoral Dr,Cobblefield Point Condos,,Complex,,1970/01/01 00:00:00+00,,,,,,,1276.893555,166.6719206,
1713,3830 Balmoral Dr,4.42016E+11,6,2,197,3830 Balmoral Dr,Cobblefield Point Condos,,Complex,,1970/01/01 00:00:00+00,,,,,,Yes,1043.351685,152.7728316,
1714,3832 Balmoral Dr,4.42016E+11,6,2,197,3832 Balmoral Dr,Cobblefield Point Condos,,Complex,,1970/01/01 00:00:00+00,,,,,,,1032.768555,152.3747988,
1715,3834 Balmoral Dr,4.42016E+11,6,2,197,3834 Balmoral Dr,Cobblefield Point Condos,,Complex,,1970/01/01 00:00:00+00,,,,,,,1172.397949,171.9296597,
1716,3802 Balmoral Dr,442016179146 & 442016179148 & 442016179144 +3more,6,2,198,3802 Balmoral Dr,Cobblefield Point Condos,,Complex,,1970/01/01 00:00:00+00,,,,,,,1545.673462,179.5271683,
1717,3804 Balmoral Dr,442016179146 & 442016179148 & 442016179144 +3more,6,2,198,3804 Balmoral Dr,Cobblefield Point Condos,,Complex,,1970/01/01 00:00:00+00,,,,,,,1013.037109,149.3101483,
1718,3806 Balmoral Dr,442016179146 & 442016179148 & 442016179144 +3more,6,2,198,3806 Balmoral Dr,Cobblefield Point Condos,,Complex,,1970/01/01 00:00:00+00,,,,,,Yes,1000.845337,150.1522247,
1719,3808 Balmoral Dr,442016179146 & 442016179148 & 442016179144 +3more,6,2,198,3808 Balmoral Dr,Cobblefield Point Condos,,Complex,,1970/01/01 00:00:00+00,,,,,,Yes,1049.582886,153.0490279,
1720,3810 Balmoral Dr,442016179146 & 442016179148 & 442016179144 +3more,6,2,198,3810 Balmoral Dr,Cobblefield Point Condos,,Complex,,1970/01/01 00:00:00+00,,,,,,Yes,1111.380493,155.3141137,
1721,3749 Thornhill Dr,4.42016E+11,10,2,201,3749 Thornhill Dr,Cobblefield Point Condos,,Complex,,1970/01/01 00:00:00+00,,,,,,Yes,929.9567871,159.2989172,
1722,3747 Thornhill Dr,4.42016E+11,10,2,201,3747 Thornhill Dr,Cobblefield Point Condos,,Complex,,1970/01/01 00:00:00+00,,,,,,Yes,946.7509766,157.2057224,
1723,3745 Thornhill Dr,4.42016E+11,10,2,201,3745 Thornhill Dr,Cobblefield Point Condos,,Complex,,1970/01/01 00:00:00+00,,,,,,Yes,865.0308838,141.6645829,
1724,3743 Thornhill Dr,4.42016E+11,10,2,201,3743 Thornhill Dr,Cobblefield Point Condos,,Complex,,1970/01/01 00:00:00+00,,,,,,Yes,1306.530518,182.2233168,
1725,3741 Thornhill Dr,4.42016E+11,10,2,201,3741 Thornhill Dr,Cobblefield Point Condos,,Complex,,1970/01/01 00:00:00+00,,,,,,Yes,1146.432495,199.777858,
1726,3731 Thornhill Dr,4.42016E+11,10,2,201,3731 Thornhill Dr,Cobblefield Point Condos,,Complex,,1970/01/01 00:00:00+00,,,,,,Yes,829.2539063,165.3737677,
